V_Ang;H_Ang;H_Aten_2;H_Aten_3;H_Aten_4;H_Aten_5;H_Aten_6;H_Aten_7;H_Aten_8;H_Aten_9;H_Aten_10;H_Aten_15;V_Aten_2;V_Aten_3;V_Aten_4;V_Aten_5;V_Aten_6;V_Aten_7;V_Aten_8;V_Aten_9;V_Aten_10;V_Aten_15;Gain_2;Gain_3;Gain_4;Gain_5;Gain_6;Gain_7;Gain_8;Gain_9;Gain_10;Gain_15
0;0;0.01;0.01;0.01;0.01;0.01;0.01;0.02;0.02;0.02;0.01;0.43;0.95;1.86;3.28;5.49;8.76;13.32;18.05;23.29;0.2;13.24;13.32;13.4;13.47;13.53;13.58;13.6;13.59;13.56;13.19
1;1;0.02;0.02;0.02;0.02;0.03;0.03;0.03;0.04;0.04;0.02;0.08;0.35;0.95;1.98;3.66;6.13;9.45;12.73;17.1;0;;;;;;;;;;
2;2;0.03;0.03;0.04;0.04;0.05;0.05;0.05;0.06;0.06;0.03;0;0.04;0.35;1.03;2.26;4.13;6.65;9.07;12.26;0.08;;;;;;;;;;
3;3;0.05;0.06;0.06;0.07;0.07;0.07;0.08;0.08;0.09;0.05;0.2;0;0.04;0.4;1.24;2.62;4.53;6.37;8.78;0.44;;;;;;;;;;
4;4;0.08;0.08;0.09;0.09;0.1;0.1;0.11;0.11;0.12;0.07;0.69;0.24;0;0.06;0.54;1.49;2.91;4.32;6.17;1.1;;;;;;;;;;
5;5;0.11;0.11;0.12;0.13;0.13;0.14;0.14;0.15;0.16;0.1;1.48;0.77;0.24;0;0.13;0.7;1.7;2.76;4.18;2.08;;;;;;;;;;
6;6;0.14;0.14;0.15;0.16;0.17;0.17;0.18;0.19;0.2;0.13;2.61;1.6;0.77;0.21;0;0.21;0.83;1.59;2.65;3.43;;;;;;;;;;
7;7;0.18;0.18;0.19;0.2;0.21;0.22;0.22;0.23;0.24;0.17;4.13;2.77;1.6;0.71;0.15;0;0.27;0.76;1.52;5.23;;;;;;;;;;
8;8;0.22;0.22;0.23;0.24;0.25;0.26;0.27;0.28;0.29;0.21;6.13;4.33;2.76;1.51;0.57;0.07;0;0.24;0.71;7.59;;;;;;;;;;
9;9;0.26;0.27;0.28;0.29;0.3;0.31;0.32;0.33;0.34;0.25;8.75;6.37;4.3;2.63;1.29;0.42;0.01;0;0.21;10.76;;;;;;;;;;
10;10;0.31;0.32;0.33;0.34;0.35;0.37;0.38;0.38;0.4;0.3;12.32;9.05;6.32;4.13;2.32;1.06;0.29;0.04;0;15.28;;;;;;;;;;
11;11;0.36;0.37;0.38;0.4;0.41;0.43;0.43;0.44;0.46;0.35;17.61;12.69;8.96;6.09;3.72;2.01;0.87;0.36;0.06;22.95;;;;;;;;;;
12;12;0.42;0.42;0.44;0.46;0.47;0.49;0.5;0.51;0.52;0.41;27.95;18.15;12.53;8.65;5.56;3.32;1.76;0.97;0.4;31.77;;;;;;;;;;
13;13;0.48;0.48;0.5;0.52;0.53;0.55;0.56;0.57;0.59;0.47;28.23;29.58;17.79;12.11;7.97;5.06;2.99;1.9;1.03;22.18;;;;;;;;;;
14;14;0.54;0.55;0.56;0.58;0.6;0.62;0.63;0.65;0.66;0.53;21.25;28.79;27.62;17.14;11.21;7.36;4.65;3.18;1.97;18.94;;;;;;;;;;
15;15;0.6;0.61;0.63;0.65;0.67;0.69;0.71;0.72;0.74;0.59;18.98;21.62;28.2;25.69;15.85;10.47;6.84;4.89;3.26;18;;;;;;;;;;
16;16;0.68;0.69;0.7;0.73;0.75;0.77;0.79;0.8;0.82;0.66;18.64;19.45;21.58;26.92;23.41;14.95;9.77;7.13;4.97;18.51;;;;;;;;;;
17;17;0.75;0.76;0.78;0.81;0.83;0.85;0.87;0.89;0.9;0.74;19.72;19.28;19.38;20.95;26.91;22.83;13.94;10.13;7.19;20.24;;;;;;;;;;
18;18;0.83;0.85;0.87;0.89;0.92;0.94;0.96;0.98;0.99;0.82;22.07;20.64;19.16;18.66;20.66;33.06;20.92;14.39;10.13;22.64;;;;;;;;;;
19;19;0.92;0.94;0.96;0.98;1.01;1.04;1.06;1.07;1.09;0.91;24.29;23.66;20.52;18.24;17.93;21.27;39.09;21.36;14.2;22.61;;;;;;;;;;
20;20;1.01;1.03;1.05;1.08;1.11;1.14;1.16;1.17;1.19;1;22.2;26.68;23.8;19.25;17.09;17.71;22.23;30.3;20.34;19.33;;;;;;;;;;
21;21;1.11;1.13;1.15;1.18;1.21;1.24;1.26;1.28;1.3;1.1;18.44;23.26;29.03;21.97;17.57;16.43;17.95;21.52;26.73;16.2;;;;;;;;;;
22;22;1.21;1.23;1.26;1.29;1.32;1.35;1.37;1.39;1.41;1.2;15.57;18.87;25.53;27.65;19.39;16.49;16.32;17.83;21.57;13.93;;;;;;;;;;
23;23;1.32;1.34;1.37;1.4;1.43;1.46;1.49;1.51;1.53;1.31;13.6;15.87;20.03;30.12;23.16;17.72;16.09;16.39;18.19;12.41;;;;;;;;;;
24;24;1.44;1.46;1.48;1.52;1.55;1.58;1.61;1.63;1.65;1.42;12.32;13.89;16.61;22.47;31.13;20.39;16.96;16.26;16.8;11.48;;;;;;;;;;
25;25;1.56;1.58;1.61;1.64;1.67;1.71;1.74;1.76;1.78;1.54;11.61;12.65;14.44;18.12;27.98;25.56;19.05;17.2;16.67;11.05;;;;;;;;;;
26;26;1.68;1.7;1.73;1.77;1.8;1.84;1.87;1.89;1.91;1.66;11.41;11.99;13.09;15.52;21.14;32.01;22.95;19.34;17.61;11.1;;;;;;;;;;
27;27;1.81;1.83;1.86;1.9;1.93;1.97;2;2.02;2.04;1.79;11.67;11.86;12.38;13.93;17.53;24.17;29.74;23.22;19.71;11.61;;;;;;;;;;
28;28;1.94;1.97;2;2.03;2.07;2.11;2.14;2.16;2.18;1.92;12.44;12.22;12.21;13.06;15.4;19.33;26.87;29.29;23.44;12.63;;;;;;;;;;
29;29;2.07;2.1;2.14;2.17;2.21;2.25;2.29;2.31;2.33;2.05;13.77;13.11;12.55;12.77;14.17;16.58;20.99;26.24;28.36;14.26;;;;;;;;;;
30;30;2.21;2.24;2.28;2.32;2.36;2.4;2.43;2.45;2.48;2.19;15.83;14.62;13.43;13.01;13.61;14.94;17.65;20.84;25.43;16.71;;;;;;;;;;
31;31;2.35;2.38;2.42;2.46;2.5;2.55;2.58;2.6;2.63;2.33;18.92;16.93;14.92;13.78;13.6;14.06;15.64;17.63;20.62;20.37;;;;;;;;;;
32;32;2.5;2.53;2.57;2.61;2.66;2.7;2.74;2.76;2.78;2.48;23.59;20.42;17.18;15.13;14.1;13.75;14.46;15.66;17.57;25.7;;;;;;;;;;
33;33;2.65;2.68;2.72;2.77;2.81;2.86;2.89;2.92;2.94;2.62;27.77;25.41;20.48;17.15;15.12;13.94;13.89;14.49;15.65;26.92;;;;;;;;;;
34;34;2.8;2.83;2.87;2.92;2.97;3.02;3.05;3.08;3.1;2.78;23.9;26.68;24.67;19.96;16.7;14.61;13.83;13.91;14.5;22.29;;;;;;;;;;
35;35;2.96;2.99;3.03;3.08;3.13;3.18;3.22;3.24;3.27;2.93;20.11;22.28;25.41;23.26;18.87;15.76;14.22;13.83;13.93;19.2;;;;;;;;;;
36;36;3.11;3.15;3.19;3.24;3.29;3.35;3.39;3.41;3.43;3.09;17.89;19.14;21.94;24.44;21.51;17.43;15.08;14.21;13.84;17.46;;;;;;;;;;
37;37;3.28;3.31;3.36;3.41;3.46;3.52;3.56;3.58;3.61;3.25;16.71;17.3;19.17;22.22;23.62;19.67;16.43;15.04;14.21;16.66;;;;;;;;;;
38;38;3.44;3.48;3.52;3.58;3.63;3.69;3.73;3.75;3.78;3.41;16.29;16.34;17.47;19.82;23.37;22.36;18.35;16.36;15.02;16.59;;;;;;;;;;
39;39;3.61;3.65;3.69;3.75;3.81;3.86;3.91;3.93;3.96;3.58;16.51;16.07;16.56;18.19;21.57;24.57;20.97;18.27;16.31;17.17;;;;;;;;;;
40;40;3.78;3.82;3.87;3.93;3.98;4.04;4.09;4.11;4.14;3.75;17.33;16.37;16.29;17.27;19.9;24.49;24.34;20.94;18.18;18.41;;;;;;;;;;
41;41;3.96;4;4.05;4.11;4.17;4.23;4.27;4.3;4.33;3.93;18.74;17.2;16.54;16.91;18.78;22.81;27.41;24.7;20.8;20.32;;;;;;;;;;
42;42;4.14;4.18;4.23;4.29;4.35;4.41;4.46;4.49;4.51;4.1;20.66;18.55;17.27;17.05;18.19;21.2;27.05;29.6;24.57;22.6;;;;;;;;;;
43;43;4.32;4.36;4.42;4.48;4.54;4.6;4.65;4.68;4.71;4.29;22.55;20.3;18.43;17.6;18.07;20.11;24.69;30.99;30.55;23.79;;;;;;;;;;
44;44;4.5;4.55;4.6;4.67;4.73;4.8;4.84;4.87;4.9;4.47;23.02;22.04;19.93;18.52;18.34;19.55;22.8;27.48;38.14;22.43;;;;;;;;;;
45;45;4.69;4.74;4.8;4.86;4.93;4.99;5.04;5.07;5.1;4.66;21.62;22.78;21.48;19.73;18.95;19.42;21.64;24.83;31.7;20.13;;;;;;;;;;
46;46;4.89;4.93;4.99;5.06;5.13;5.2;5.24;5.27;5.3;4.85;19.74;21.99;22.5;21.02;19.8;19.63;21.08;23.3;27.54;18.2;;;;;;;;;;
47;47;5.09;5.13;5.19;5.27;5.33;5.4;5.45;5.48;5.51;5.05;18.2;20.56;22.46;22.07;20.77;20.11;20.94;22.51;25.42;16.82;;;;;;;;;;
48;48;5.29;5.33;5.4;5.47;5.54;5.61;5.65;5.68;5.71;5.25;17.12;19.26;21.64;22.5;21.65;20.71;21.11;22.22;24.32;15.94;;;;;;;;;;
49;49;5.49;5.54;5.6;5.68;5.75;5.82;5.86;5.89;5.93;5.45;16.47;18.34;20.68;22.29;22.22;21.29;21.42;22.23;23.8;15.45;;;;;;;;;;
50;50;5.7;5.75;5.81;5.89;5.96;6.03;6.08;6.1;6.14;5.66;16.17;17.8;19.94;21.81;22.41;21.71;21.73;22.35;23.59;15.3;;;;;;;;;;
51;51;5.9;5.96;6.02;6.1;6.18;6.25;6.29;6.32;6.35;5.87;16.18;17.61;19.54;21.39;22.35;21.92;21.93;22.45;23.47;15.41;;;;;;;;;;
52;52;6.12;6.17;6.24;6.32;6.39;6.47;6.51;6.53;6.57;6.08;16.42;17.71;19.46;21.21;22.28;22;21.99;22.43;23.31;15.74;;;;;;;;;;
53;53;6.33;6.38;6.45;6.53;6.61;6.68;6.73;6.75;6.79;6.29;16.85;18.04;19.68;21.35;22.38;22.07;21.95;22.29;23.03;16.23;;;;;;;;;;
54;54;6.54;6.6;6.67;6.75;6.83;6.9;6.95;6.97;7.01;6.5;17.4;18.55;20.15;21.81;22.76;22.25;21.91;22.09;22.66;16.79;;;;;;;;;;
55;55;6.76;6.81;6.89;6.97;7.05;7.13;7.17;7.19;7.23;6.72;17.97;19.14;20.8;22.56;23.47;22.64;21.96;21.92;22.29;17.36;;;;;;;;;;
56;56;6.98;7.03;7.11;7.2;7.27;7.35;7.39;7.42;7.46;6.94;18.49;19.71;21.5;23.55;24.54;23.27;22.16;21.86;21.99;17.87;;;;;;;;;;
57;57;7.2;7.26;7.33;7.42;7.5;7.58;7.62;7.64;7.68;7.16;18.92;20.18;22.13;24.62;25.98;24.19;22.55;21.96;21.85;18.28;;;;;;;;;;
58;58;7.42;7.48;7.56;7.65;7.73;7.8;7.85;7.87;7.91;7.38;19.24;20.5;22.57;25.56;27.75;25.43;23.18;22.28;21.9;18.62;;;;;;;;;;
59;59;7.65;7.71;7.79;7.88;7.96;8.03;8.08;8.1;8.14;7.61;19.51;20.72;22.78;26.12;29.65;27.05;24.08;22.85;22.21;18.94;;;;;;;;;;
60;60;7.88;7.93;8.02;8.11;8.19;8.26;8.31;8.33;8.37;7.84;19.83;20.9;22.84;26.22;31.18;29.12;25.33;23.72;22.79;19.32;;;;;;;;;;
61;61;8.11;8.16;8.25;8.34;8.42;8.5;8.54;8.57;8.6;8.07;20.26;21.17;22.89;26.01;31.61;31.69;27.01;24.95;23.69;19.86;;;;;;;;;;
62;62;8.34;8.4;8.48;8.58;8.66;8.73;8.78;8.8;8.84;8.3;20.89;21.59;23.03;25.73;30.93;34.5;29.26;26.62;24.94;20.6;;;;;;;;;;
63;63;8.57;8.63;8.72;8.81;8.9;8.97;9.01;9.04;9.07;8.53;21.76;22.22;23.34;25.54;29.86;36;32.26;28.85;26.58;21.61;;;;;;;;;;
64;64;8.81;8.87;8.96;9.05;9.14;9.21;9.25;9.28;9.31;8.77;22.94;23.11;23.86;25.53;28.9;34.84;36.05;31.81;28.67;22.96;;;;;;;;;;
65;65;9.05;9.11;9.2;9.29;9.38;9.45;9.49;9.52;9.55;9.01;24.47;24.3;24.63;25.74;28.25;32.89;38.97;35.78;31.3;24.72;;;;;;;;;;
66;66;9.29;9.35;9.44;9.53;9.62;9.69;9.73;9.76;9.79;9.25;26.48;25.85;25.68;26.23;27.96;31.38;37.74;40.43;34.64;27.04;;;;;;;;;;
67;67;9.52;9.59;9.68;9.78;9.86;9.93;9.97;10;10.03;9.49;29.15;27.88;27.09;27.02;28.05;30.49;35.31;41.24;38.82;30.22;;;;;;;;;;
68;68;9.76;9.83;9.92;10.02;10.1;10.17;10.21;10.24;10.27;9.73;32.98;30.62;28.96;28.18;28.51;30.13;33.55;38.05;42.14;35.11;;;;;;;;;;
69;69;10;10.07;10.16;10.26;10.35;10.41;10.45;10.48;10.51;9.97;39.49;34.57;31.46;29.77;29.3;30.15;32.39;35.31;39.87;45.77;;;;;;;;;;
70;70;10.24;10.31;10.4;10.5;10.59;10.66;10.69;10.72;10.75;10.21;47.42;40.46;34.71;31.76;30.31;30.35;31.54;33.28;36.2;42.73;;;;;;;;;;
71;71;10.48;10.55;10.64;10.74;10.83;10.9;10.93;10.96;11;10.45;37.53;40.93;37.74;33.78;31.28;30.51;30.8;31.69;33.43;34.93;;;;;;;;;;
72;72;10.73;10.8;10.89;10.99;11.08;11.14;11.18;11.21;11.24;10.69;32.82;35.42;36.87;34.7;31.84;30.47;30.12;30.47;31.47;31.26;;;;;;;;;;
73;73;10.97;11.04;11.13;11.23;11.32;11.39;11.42;11.45;11.49;10.93;30.14;31.92;33.88;33.84;31.81;30.24;29.56;29.6;30.16;29.09;;;;;;;;;;
74;74;11.21;11.29;11.38;11.48;11.57;11.64;11.67;11.7;11.73;11.18;28.51;29.78;31.5;32.29;31.38;29.97;29.2;29.09;29.38;27.78;;;;;;;;;;
75;75;11.46;11.54;11.63;11.73;11.82;11.89;11.92;11.95;11.98;11.42;27.59;28.5;29.93;30.95;30.85;29.8;29.08;28.9;29.04;27.09;;;;;;;;;;
76;76;11.71;11.79;11.89;11.99;12.08;12.14;12.17;12.2;12.23;11.67;27.23;27.85;29.01;30.04;30.41;29.77;29.16;28.96;29;26.91;;;;;;;;;;
77;77;11.96;12.04;12.14;12.24;12.33;12.39;12.42;12.45;12.48;11.92;27.34;27.72;28.59;29.51;30.09;29.79;29.31;29.09;29.06;27.18;;;;;;;;;;
78;78;12.21;12.29;12.39;12.5;12.59;12.64;12.68;12.71;12.73;12.17;27.86;28.01;28.58;29.29;29.84;29.73;29.34;29.09;28.99;27.85;;;;;;;;;;
79;79;12.47;12.55;12.65;12.76;12.84;12.9;12.93;12.96;12.99;12.42;28.72;28.67;28.9;29.32;29.66;29.54;29.14;28.83;28.66;28.86;;;;;;;;;;
80;80;12.72;12.8;12.91;13.02;13.1;13.15;13.19;13.22;13.24;12.68;29.85;29.61;29.5;29.58;29.62;29.29;28.8;28.41;28.16;30.08;;;;;;;;;;
81;81;12.97;13.06;13.16;13.28;13.36;13.41;13.44;13.47;13.5;12.93;31.09;30.74;30.34;30.1;29.83;29.2;28.56;28.08;27.72;31.33;;;;;;;;;;
82;82;13.23;13.31;13.42;13.54;13.62;13.67;13.7;13.73;13.75;13.18;32.26;31.92;31.43;30.95;30.46;29.48;28.64;28.05;27.58;32.36;;;;;;;;;;
83;83;13.48;13.57;13.68;13.8;13.88;13.92;13.96;13.99;14.01;13.44;33.11;32.96;32.68;32.21;31.66;30.34;29.26;28.51;27.87;32.93;;;;;;;;;;
84;84;13.74;13.82;13.93;14.06;14.13;14.18;14.21;14.24;14.27;13.69;33.3;33.51;33.74;33.7;33.47;31.96;30.59;29.61;28.73;32.77;;;;;;;;;;
85;85;13.99;14.07;14.19;14.32;14.39;14.43;14.47;14.5;14.53;13.94;32.52;33.07;33.77;34.51;35.21;34.34;32.77;31.48;30.24;31.79;;;;;;;;;;
86;86;14.25;14.33;14.44;14.57;14.65;14.68;14.72;14.75;14.79;14.2;30.91;31.63;32.36;33.38;34.72;35.99;35.37;34;32.41;30.17;;;;;;;;;;
87;87;14.5;14.58;14.7;14.83;14.9;14.94;14.97;15.01;15.05;14.45;29.02;29.73;30.3;31.08;32.11;34.11;35.53;35.55;34.59;28.37;;;;;;;;;;
88;88;14.75;14.83;14.95;15.08;15.15;15.19;15.22;15.26;15.31;14.7;27.28;27.92;28.36;28.89;29.52;31;32.67;33.86;34.72;26.73;;;;;;;;;;
89;89;15;15.08;15.2;15.33;15.41;15.44;15.48;15.51;15.57;14.95;25.88;26.45;26.84;27.2;27.59;28.56;29.89;31.15;32.69;25.41;;;;;;;;;;
90;90;15.25;15.33;15.45;15.58;15.66;15.69;15.73;15.77;15.83;15.2;24.89;25.38;25.76;26.05;26.3;26.91;27.94;29.04;30.55;24.5;;;;;;;;;;
91;91;15.5;15.58;15.7;15.83;15.91;15.94;15.98;16.02;16.09;15.45;24.35;24.76;25.14;25.39;25.55;25.91;26.7;27.63;28.95;24.02;;;;;;;;;;
92;92;15.75;15.82;15.95;16.07;16.15;16.19;16.23;16.27;16.35;15.7;24.24;24.58;24.95;25.18;25.27;25.42;25.99;26.75;27.86;23.99;;;;;;;;;;
93;93;16;16.07;16.19;16.31;16.4;16.43;16.47;16.52;16.61;15.95;24.6;24.86;25.2;25.39;25.4;25.36;25.71;26.29;27.16;24.4;;;;;;;;;;
94;94;16.24;16.31;16.43;16.55;16.64;16.68;16.72;16.77;16.86;16.19;25.43;25.63;25.9;26.03;25.91;25.66;25.75;26.12;26.74;25.27;;;;;;;;;;
95;95;16.48;16.55;16.67;16.78;16.88;16.92;16.97;17.02;17.12;16.43;26.75;26.92;27.09;27.1;26.78;26.29;26.07;26.2;26.55;26.6;;;;;;;;;;
96;96;16.72;16.78;16.9;17.02;17.11;17.16;17.21;17.27;17.37;16.67;28.5;28.75;28.82;28.68;28.07;27.25;26.65;26.51;26.6;28.27;;;;;;;;;;
97;97;16.95;17.01;17.13;17.24;17.34;17.39;17.46;17.52;17.62;16.91;30.34;30.94;31.12;30.86;29.9;28.62;27.55;27.13;26.96;29.88;;;;;;;;;;
98;98;17.18;17.23;17.36;17.47;17.57;17.63;17.7;17.76;17.87;17.14;31.35;32.54;33.51;33.66;32.49;30.61;28.94;28.18;27.73;30.56;;;;;;;;;;
99;99;17.4;17.45;17.58;17.69;17.8;17.86;17.94;18.01;18.12;17.37;30.74;32.09;34.05;35.91;36;33.59;31.07;29.86;29.06;29.93;;;;;;;;;;
100;100;17.62;17.67;17.8;17.9;18.02;18.09;18.18;18.25;18.36;17.59;29.24;30.2;32.03;34.6;37.92;37.72;34.39;32.47;31.15;28.65;;;;;;;;;;
101;101;17.84;17.88;18.01;18.12;18.24;18.32;18.41;18.49;18.6;17.81;27.73;28.28;29.52;31.43;34.5;38.2;38.56;36.13;34.11;27.39;;;;;;;;;;
102;102;18.05;18.09;18.22;18.33;18.46;18.55;18.65;18.73;18.83;18.03;26.51;26.74;27.46;28.71;30.73;33.6;37.09;37.81;36.74;26.38;;;;;;;;;;
103;103;18.26;18.29;18.43;18.54;18.68;18.77;18.88;18.96;19.07;18.25;25.61;25.61;25.94;26.7;28.03;29.99;32.63;34.4;35.5;25.63;;;;;;;;;;
104;104;18.46;18.49;18.63;18.75;18.89;19;19.11;19.19;19.29;18.46;25.01;24.83;24.87;25.29;26.19;27.61;29.56;31.12;32.59;25.15;;;;;;;;;;
105;105;18.66;18.69;18.83;18.95;19.11;19.22;19.33;19.42;19.52;18.67;24.71;24.39;24.22;24.4;25.01;26.1;27.64;29.01;30.44;24.94;;;;;;;;;;
106;106;18.86;18.88;19.02;19.15;19.32;19.44;19.55;19.64;19.73;18.87;24.73;24.28;23.96;23.95;24.37;25.26;26.56;27.83;29.23;25.04;;;;;;;;;;
107;107;19.05;19.07;19.21;19.35;19.53;19.66;19.77;19.86;19.94;19.07;25.11;24.53;24.09;23.94;24.22;24.97;26.14;27.36;28.77;25.5;;;;;;;;;;
108;108;19.23;19.25;19.39;19.54;19.73;19.87;19.99;20.07;20.14;19.26;25.93;25.19;24.63;24.37;24.53;25.18;26.26;27.49;28.96;26.44;;;;;;;;;;
109;109;19.41;19.42;19.56;19.72;19.93;20.07;20.2;20.28;20.34;19.44;27.32;26.35;25.64;25.25;25.29;25.85;26.88;28.11;29.65;28;;;;;;;;;;
110;110;19.58;19.59;19.73;19.9;20.12;20.27;20.41;20.48;20.52;19.62;29.47;28.16;27.21;26.66;26.56;27;27.93;29.11;30.67;30.46;;;;;;;;;;
111;111;19.75;19.76;19.9;20.08;20.31;20.47;20.61;20.67;20.7;19.8;32.75;30.84;29.53;28.74;28.42;28.65;29.36;30.34;31.71;34.33;;;;;;;;;;
112;112;19.92;19.92;20.06;20.26;20.5;20.67;20.8;20.86;20.87;19.97;37.1;34.51;32.77;31.72;31.1;30.93;31.12;31.61;32.38;39.26;;;;;;;;;;
113;113;20.08;20.09;20.23;20.44;20.69;20.87;21;21.04;21.04;20.15;37.08;36.63;36.12;35.74;35.14;34.23;33.23;32.75;32.58;36.74;;;;;;;;;;
114;114;20.26;20.26;20.4;20.62;20.89;21.07;21.19;21.22;21.2;20.33;32.73;33.57;35.12;37.68;41;39.8;35.79;33.79;32.56;32.01;;;;;;;;;;
115;115;20.43;20.42;20.58;20.81;21.09;21.27;21.38;21.4;21.36;20.51;29.46;30.15;31.58;34.16;39.58;60.23;38.84;34.86;32.63;28.92;;;;;;;;;;
116;116;20.6;20.59;20.75;21;21.29;21.46;21.57;21.57;21.51;20.68;27.27;27.73;28.78;30.68;34.18;41.45;40.9;35.89;32.91;26.9;;;;;;;;;;
117;117;20.77;20.76;20.92;21.19;21.49;21.66;21.74;21.73;21.65;20.86;25.82;26.1;26.84;28.27;30.76;35.17;38.96;36.46;33.34;25.57;;;;;;;;;;
118;118;20.94;20.92;21.09;21.38;21.69;21.85;21.92;21.89;21.79;21.03;24.9;25.06;25.56;26.66;28.58;31.87;35.83;36.15;33.81;24.75;;;;;;;;;;
119;119;21.1;21.08;21.26;21.57;21.89;22.04;22.08;22.04;21.93;21.2;24.4;24.49;24.82;25.67;27.23;29.92;33.55;35.33;34.31;24.33;;;;;;;;;;
120;120;21.26;21.24;21.43;21.75;22.08;22.23;22.24;22.18;22.06;21.37;24.29;24.33;24.53;25.22;26.55;28.88;32.24;34.74;35.07;24.26;;;;;;;;;;
121;121;21.42;21.4;21.6;21.94;22.28;22.42;22.4;22.32;22.18;21.53;24.53;24.56;24.69;25.27;26.45;28.59;31.85;34.84;36.58;24.54;;;;;;;;;;
122;122;21.58;21.55;21.77;22.13;22.48;22.6;22.55;22.45;22.3;21.69;25.14;25.18;25.29;25.82;26.95;29.03;32.31;35.87;39.74;25.18;;;;;;;;;;
123;123;21.73;21.71;21.93;22.32;22.68;22.78;22.69;22.58;22.42;21.86;26.16;26.22;26.37;26.92;28.07;30.17;33.54;37.64;46.73;26.21;;;;;;;;;;
124;124;21.89;21.87;22.1;22.51;22.88;22.96;22.83;22.7;22.53;22.01;27.64;27.72;27.98;28.6;29.82;31.87;34.85;38.01;43.32;27.69;;;;;;;;;;
125;125;22.04;22.02;22.26;22.69;23.07;23.12;22.96;22.82;22.64;22.17;29.65;29.77;30.18;30.87;31.95;33.23;34.4;35.1;35.92;29.69;;;;;;;;;;
126;126;22.18;22.17;22.43;22.88;23.27;23.29;23.09;22.93;22.75;22.33;32.3;32.45;32.91;33.29;33.35;32.67;32.03;31.74;31.75;32.28;;;;;;;;;;
127;127;22.34;22.33;22.6;23.07;23.46;23.45;23.22;23.04;22.85;22.49;35.66;35.85;35.71;34.5;32.68;30.7;29.6;29.23;29.13;35.28;;;;;;;;;;
128;128;22.49;22.49;22.78;23.26;23.67;23.62;23.35;23.15;22.96;22.65;39.36;39.95;37.33;33.82;31.02;28.85;27.82;27.55;27.5;37.5;;;;;;;;;;
129;129;22.66;22.66;22.96;23.47;23.88;23.79;23.48;23.26;23.08;22.82;41.31;44.35;37.44;32.68;29.7;27.62;26.73;26.58;26.62;37.26;;;;;;;;;;
130;130;22.84;22.84;23.17;23.7;24.11;23.98;23.62;23.38;23.2;23.01;40.1;47.7;37.4;32.08;29.05;27.07;26.31;26.26;26.4;35.61;;;;;;;;;;
131;131;23.03;23.04;23.39;23.94;24.35;24.17;23.76;23.51;23.33;23.21;37.87;46.11;37.85;32.17;29.09;27.18;26.51;26.56;26.8;33.96;;;;;;;;;;
132;132;23.23;23.25;23.62;24.2;24.61;24.37;23.91;23.64;23.46;23.42;35.58;40.98;38.14;32.83;29.78;27.94;27.37;27.5;27.87;32.52;;;;;;;;;;
133;133;23.45;23.47;23.87;24.47;24.87;24.58;24.07;23.78;23.61;23.64;33.36;36.51;36.77;33.57;31.01;29.39;28.98;29.2;29.73;31.21;;;;;;;;;;
134;134;23.67;23.7;24.12;24.76;25.15;24.8;24.23;23.92;23.76;23.86;31.36;33.17;34.15;33.54;32.48;31.57;31.55;31.9;32.65;30.01;;;;;;;;;;
135;135;23.9;23.94;24.39;25.06;25.45;25.02;24.4;24.07;23.93;24.1;29.7;30.74;31.67;32.43;33.4;34.34;35.57;36.28;37.28;28.96;;;;;;;;;;
136;136;24.12;24.18;24.66;25.36;25.74;25.24;24.57;24.24;24.1;24.32;28.46;29.04;29.8;30.97;33.12;36.52;41.93;45.21;44.4;28.1;;;;;;;;;;
137;137;24.36;24.42;24.94;25.68;26.05;25.48;24.74;24.41;24.29;24.55;27.62;27.95;28.59;29.8;32.17;36.26;43.52;49.29;42.26;27.5;;;;;;;;;;
138;138;24.6;24.68;25.24;26.02;26.38;25.72;24.93;24.59;24.49;24.79;27.17;27.38;27.97;29.15;31.38;34.81;38.46;39.56;37.45;27.15;;;;;;;;;;
139;139;24.85;24.95;25.55;26.38;26.72;25.97;25.13;24.78;24.7;25.03;27.08;27.27;27.9;29.08;31.13;33.82;35.76;36.14;34.99;27.05;;;;;;;;;;
140;140;25.12;25.24;25.88;26.75;27.09;26.24;25.34;24.99;24.93;25.29;27.3;27.57;28.32;29.59;31.56;33.68;34.66;34.64;33.8;27.19;;;;;;;;;;
141;141;25.4;25.54;26.23;27.16;27.47;26.52;25.56;25.21;25.18;25.57;27.8;28.21;29.2;30.7;32.73;34.44;34.65;34.2;33.39;27.56;;;;;;;;;;
142;142;25.71;25.87;26.61;27.6;27.89;26.82;25.79;25.45;25.44;25.87;28.53;29.13;30.42;32.32;34.73;36.23;35.56;34.51;33.48;28.16;;;;;;;;;;
143;143;26.03;26.22;27.01;28.07;28.33;27.14;26.04;25.7;25.71;26.19;29.45;30.18;31.75;34.15;37.46;39.32;37.41;35.45;33.91;29.01;;;;;;;;;;
144;144;26.37;26.59;27.44;28.58;28.8;27.47;26.31;25.97;26.01;26.54;30.51;31.2;32.75;35.28;39.54;44.04;40.43;37;34.6;30.12;;;;;;;;;;
145;145;26.74;26.98;27.89;29.13;29.31;27.83;26.6;26.26;26.34;26.9;31.6;31.95;33;34.91;38.52;45.81;45.39;39.31;35.6;31.44;;;;;;;;;;
146;146;27.13;27.4;28.39;29.73;29.87;28.21;26.9;26.57;26.68;27.29;32.48;32.27;32.59;33.68;36.16;41.51;53.34;42.84;37.04;32.71;;;;;;;;;;
147;147;27.56;27.86;28.92;30.41;30.49;28.62;27.23;26.91;27.06;27.7;32.83;32.12;31.89;32.47;34.28;38.24;48.51;49.39;39.22;33.38;;;;;;;;;;
148;148;28.01;28.35;29.5;31.15;31.17;29.06;27.59;27.27;27.47;28.15;32.52;31.63;31.18;31.55;33.01;36.16;42.92;61.49;42.62;33.11;;;;;;;;;;
149;149;28.5;28.87;30.13;31.98;31.92;29.53;27.97;27.66;27.91;28.63;31.84;31.03;30.58;30.9;32.16;34.72;39.44;46.11;46.93;32.32;;;;;;;;;;
150;150;29.02;29.42;30.8;32.9;32.75;30.02;28.38;28.07;28.39;29.13;31.24;30.51;30.13;30.42;31.53;33.54;36.84;40.56;44.95;31.63;;;;;;;;;;
151;151;29.56;30.01;31.51;33.93;33.65;30.54;28.81;28.52;28.91;29.66;30.99;30.25;29.85;30.06;30.96;32.46;34.74;37.14;40.17;31.44;;;;;;;;;;
152;152;30.14;30.62;32.28;35.1;34.65;31.08;29.27;29;29.47;30.22;31.3;30.38;29.83;29.84;30.45;31.45;33.03;34.76;36.89;31.93;;;;;;;;;;
153;153;30.71;31.23;33.05;36.39;35.74;31.64;29.75;29.52;30.08;30.77;32.32;31.03;30.16;29.83;30.06;30.61;31.73;33.07;34.77;33.3;;;;;;;;;;
154;154;31.31;31.87;33.87;37.89;36.93;32.22;30.27;30.08;30.75;31.36;34.29;32.36;30.96;30.14;29.91;30.06;30.86;31.97;33.49;35.88;;;;;;;;;;
155;155;31.96;32.53;34.72;39.66;38.23;32.81;30.81;30.68;31.48;31.99;37.72;34.67;32.38;30.89;30.12;29.9;30.47;31.43;32.93;40.23;;;;;;;;;;
156;156;32.64;33.23;35.61;41.8;39.58;33.4;31.39;31.32;32.29;32.67;43.55;38.62;34.69;32.22;30.83;30.25;30.62;31.48;33.05;44.24;;;;;;;;;;
157;157;33.38;33.96;36.5;44.39;40.83;33.97;31.99;32.02;33.18;33.41;45.01;46.76;38.5;34.37;32.17;31.21;31.4;32.2;33.95;40;;;;;;;;;;
158;158;34.2;34.74;37.38;47.2;41.67;34.5;32.62;32.78;34.17;34.23;39.27;49.55;45.63;37.66;34.31;32.93;32.96;33.74;35.77;36.14;;;;;;;;;;
159;159;35.11;35.54;38.17;48.43;41.76;34.95;33.26;33.59;35.28;35.17;35.94;40.63;49.17;41.99;37.28;35.52;35.38;36.2;38.53;33.96;;;;;;;;;;
160;160;36.11;36.34;38.73;46.43;41.07;35.28;33.91;34.47;36.54;36.22;34.19;37.01;41.25;42.4;39.56;38.14;37.89;38.61;40.06;32.87;;;;;;;;;;
161;161;37.19;37.09;38.96;43.56;39.9;35.48;34.56;35.42;38.01;37.41;33.42;35.29;37.68;38.79;38.13;37.63;37.31;37.44;37.22;32.5;;;;;;;;;;
162;162;38.37;37.72;38.79;41.08;38.59;35.53;35.18;36.46;39.76;38.76;33.3;34.67;36.04;36.26;35.51;34.88;34.4;34.21;33.77;32.59;;;;;;;;;;
163;163;39.62;38.17;38.29;39.08;37.29;35.41;35.76;37.59;41.91;40.33;33.62;34.85;35.65;35.06;33.75;32.69;31.99;31.67;31.32;32.89;;;;;;;;;;
164;164;40.9;38.39;37.57;37.43;36.1;35.16;36.27;38.79;44.72;42.16;34.22;35.72;36.33;34.99;33.01;31.46;30.53;30.09;29.8;33.26;;;;;;;;;;
165;165;42.11;38.36;36.75;36.06;35.02;34.79;36.66;40.05;48.78;44.39;34.99;37.19;38.27;36.11;33.25;31.16;29.93;29.35;29.04;33.69;;;;;;;;;;
166;166;43.12;38.11;35.91;34.89;34.05;34.35;36.91;41.29;56.38;47.27;35.88;39.04;42.22;38.91;34.59;31.76;30.14;29.38;28.97;34.33;;;;;;;;;;
167;167;43.69;37.68;35.09;33.88;33.18;33.86;37;42.36;64.48;51.38;36.8;40.18;48.63;45.3;37.31;33.34;31.17;30.17;29.59;35.34;;;;;;;;;;
168;168;43.71;37.15;34.32;33;32.4;33.35;36.94;43.06;51.67;58.71;37.21;38.86;42.75;48.07;41.04;35.92;33.08;31.77;30.94;36.49;;;;;;;;;;
169;169;43.22;36.57;33.61;32.23;31.7;32.85;36.74;43.19;46.78;65.65;36.29;36.05;36.89;38.66;39.63;38.06;35.56;34.13;33.1;36.71;;;;;;;;;;
170;170;42.44;36;32.97;31.55;31.07;32.36;36.43;42.76;43.73;54.97;34.26;33.37;33.3;33.97;35.04;36.22;36.59;36.34;35.9;35.1;;;;;;;;;;
171;171;41.57;35.44;32.39;30.94;30.51;31.89;36.05;41.93;41.55;50.29;32.13;31.26;30.92;31.13;31.77;32.98;34.62;36.01;37.76;32.81;;;;;;;;;;
172;172;40.7;34.91;31.87;30.4;29.99;31.44;35.61;40.93;39.87;47.38;30.45;29.74;29.34;29.32;29.67;30.59;32.18;33.84;36.63;30.94;;;;;;;;;;
173;173;39.89;34.42;31.39;29.91;29.52;31.02;35.15;39.91;38.52;45.31;29.39;28.79;28.4;28.26;28.43;29.11;30.49;31.98;34.56;29.77;;;;;;;;;;
174;174;39.15;33.97;30.96;29.47;29.1;30.61;34.69;38.94;37.41;43.72;28.98;28.43;28.03;27.82;27.87;28.4;29.59;30.91;33.13;29.35;;;;;;;;;;
175;175;38.49;33.56;30.57;29.07;28.71;30.24;34.24;38.07;36.48;42.44;29.27;28.68;28.25;27.97;27.94;28.35;29.4;30.56;32.47;29.72;;;;;;;;;;
176;176;37.89;33.18;30.22;28.71;28.36;29.89;33.8;37.29;35.7;41.38;30.36;29.63;29.1;28.75;28.64;28.95;29.85;30.83;32.45;30.98;;;;;;;;;;
177;177;37.36;32.84;29.91;28.39;28.04;29.57;33.39;36.61;35.03;40.49;32.43;31.46;30.76;30.28;30.06;30.21;30.88;31.6;32.91;33.36;;;;;;;;;;
178;178;36.89;32.53;29.63;28.1;27.75;29.27;33.02;36.01;34.46;39.71;35.78;34.51;33.56;32.87;32.4;32.21;32.41;32.69;33.59;37.03;;;;;;;;;;
179;179;36.47;32.26;29.37;27.84;27.5;28.99;32.67;35.49;33.98;39.03;39.41;39.08;38.32;37.32;36.2;34.99;34.17;33.74;34.17;39.42;;;;;;;;;;
180;180;36.09;32.01;29.15;27.61;27.27;28.74;32.36;35.05;33.58;38.42;37.97;40.93;45.37;47.59;42.58;37.98;35.51;34.36;34.42;36.39;;;;;;;;;;
181;181;35.87;31.84;28.99;27.44;27.09;28.56;32.12;34.7;33.25;38.12;34.6;36.98;40.83;46.35;44.69;38.67;35.72;34.43;34.37;33.3;;;;;;;;;;
182;182;35.72;31.72;28.86;27.3;26.94;28.4;31.91;34.4;32.97;37.91;32.52;34.11;36.29;38.33;38.77;36.81;35.1;34.22;34.26;31.57;;;;;;;;;;
183;183;35.64;31.64;28.77;27.19;26.82;28.26;31.73;34.16;32.74;37.78;31.67;32.78;34.19;35.3;35.65;35.01;34.38;34.02;34.26;30.97;;;;;;;;;;
184;184;35.62;31.6;28.7;27.11;26.72;28.14;31.58;33.96;32.57;37.74;31.9;32.69;33.64;34.22;34.29;34.01;33.93;33.94;34.36;31.35;;;;;;;;;;
185;185;35.67;31.61;28.67;27.05;26.63;28.04;31.46;33.81;32.43;37.77;33.2;33.8;34.42;34.52;34.17;33.8;33.83;33.93;34.45;32.7;;;;;;;;;;
186;186;35.78;31.66;28.67;27.01;26.57;27.96;31.37;33.71;32.35;37.87;35.66;36.34;36.77;36.25;35.16;34.33;34.04;33.92;34.35;34.94;;;;;;;;;;
187;187;35.94;31.74;28.7;27;26.54;27.91;31.3;33.66;32.3;38.04;38.67;40.49;41.64;40.09;37.49;35.57;34.49;33.89;34.06;37.19;;;;;;;;;;
188;188;36.17;31.86;28.75;27.02;26.52;27.88;31.27;33.65;32.3;38.28;38.59;41.55;46.97;49;41.88;37.52;35.13;33.92;33.71;36.92;;;;;;;;;;
189;189;36.46;32.03;28.83;27.06;26.52;27.86;31.26;33.68;32.34;38.59;35.62;37.18;39.95;45.33;49.06;40.04;35.96;34.13;33.52;34.72;;;;;;;;;;
190;190;36.82;32.23;28.95;27.12;26.55;27.87;31.29;33.76;32.42;38.97;33.25;33.99;35.52;38.49;44.64;42.3;37.02;34.69;33.65;32.88;;;;;;;;;;
191;191;37.26;32.47;29.09;27.2;26.59;27.9;31.34;33.88;32.55;39.42;31.94;32.22;33.21;35.3;39.73;42.87;38.45;35.73;34.24;31.88;;;;;;;;;;
192;192;37.75;32.74;29.25;27.31;26.66;27.94;31.42;34.06;32.73;39.9;31.52;31.5;32.16;33.8;37.35;42.15;40.48;37.45;35.43;31.65;;;;;;;;;;
193;193;38.33;33.05;29.45;27.44;26.75;28.01;31.53;34.3;32.97;40.44;31.82;31.6;32.05;33.37;36.38;41.42;43.44;40.19;37.43;32.04;;;;;;;;;;
194;194;39.03;33.42;29.68;27.59;26.86;28.1;31.67;34.59;33.25;41.06;32.66;32.35;32.65;33.71;36.25;40.81;46.89;44.73;40.69;32.88;;;;;;;;;;
195;195;39.87;33.83;29.94;27.78;27;28.21;31.84;34.93;33.59;41.78;33.78;33.49;33.71;34.47;36.39;39.73;45.65;50.59;46.48;33.87;;;;;;;;;;
196;196;40.9;34.31;30.24;27.99;27.16;28.35;32.05;35.34;33.98;42.61;34.73;34.54;34.67;35.02;36.1;37.91;41.25;45.49;52.08;34.7;;;;;;;;;;
197;197;42.21;34.85;30.59;28.25;27.36;28.52;32.29;35.82;34.43;43.55;35.22;34.98;34.86;34.76;35.08;35.89;37.87;40.47;44.29;35.27;;;;;;;;;;
198;198;44.01;35.48;30.99;28.55;27.61;28.74;32.59;36.39;34.93;44.69;35.51;34.92;34.39;33.92;33.83;34.2;35.58;37.46;39.86;35.89;;;;;;;;;;
199;199;46.38;36.17;31.43;28.89;27.89;28.99;32.93;37.04;35.51;45.67;36.14;34.99;34;33.23;32.91;33.08;34.13;35.61;37.41;37.06;;;;;;;;;;
200;200;49.57;36.91;31.92;29.27;28.2;29.28;33.31;37.81;36.15;46.09;37.67;35.78;34.24;33.15;32.6;32.6;33.4;34.6;36.08;39.23;;;;;;;;;;
201;201;53.17;37.67;32.44;29.69;28.55;29.59;33.73;38.69;36.86;45.61;40.52;37.73;35.48;33.94;33.04;32.81;33.31;34.25;35.55;42.43;;;;;;;;;;
202;202;52.87;38.39;32.99;30.14;28.94;29.94;34.2;39.72;37.63;44.4;43.63;41.19;38.11;35.82;34.34;33.72;33.83;34.47;35.62;42.74;;;;;;;;;;
203;203;49.03;39.02;33.55;30.63;29.35;30.32;34.7;40.92;38.46;42.88;41.08;43.26;41.99;38.92;36.47;35.21;34.76;35.08;36.04;38.79;;;;;;;;;;
204;204;45.68;39.45;34.13;31.15;29.8;30.73;35.23;42.34;39.33;41.34;36.96;39.22;41.49;40.99;38.38;36.57;35.61;35.63;36.32;35.51;;;;;;;;;;
205;205;43.07;39.58;34.69;31.71;30.29;31.18;35.81;44.06;40.19;39.91;34.25;35.54;37.17;38.16;37.51;36.34;35.5;35.46;35.86;33.43;;;;;;;;;;
206;206;40.99;39.37;35.21;32.3;30.84;31.68;36.45;46.18;40.95;38.61;32.71;33.34;34.24;34.96;35.03;34.66;34.32;34.43;34.68;32.32;;;;;;;;;;
207;207;39.27;38.83;35.65;32.92;31.43;32.24;37.13;48.77;41.48;37.43;32.11;32.3;32.7;33.04;33.13;33;32.93;33.13;33.35;31.99;;;;;;;;;;
208;208;37.81;38.07;35.95;33.56;32.09;32.86;37.87;51.34;41.62;36.36;32.33;32.23;32.29;32.29;32.18;32.01;31.95;32.12;32.33;32.34;;;;;;;;;;
209;209;36.56;37.18;36.09;34.21;32.84;33.58;38.64;51.54;41.32;35.4;33.32;33.1;32.92;32.62;32.22;31.83;31.6;31.65;31.79;33.29;;;;;;;;;;
210;210;35.46;36.25;36.02;34.82;33.67;34.4;39.42;48.92;40.59;34.52;35.03;34.96;34.73;34.12;33.31;32.54;31.97;31.8;31.81;34.69;;;;;;;;;;
211;211;34.47;35.32;35.75;35.36;34.59;35.34;40.16;46;39.61;33.71;37.01;37.7;37.94;37.16;35.72;34.29;33.12;32.62;32.37;36.05;;;;;;;;;;
212;212;33.57;34.4;35.3;35.76;35.61;36.43;40.79;43.55;38.51;32.96;37.85;39.54;41.37;42.03;40.04;37.31;35.13;34.09;33.41;36.59;;;;;;;;;;
213;213;32.74;33.53;34.71;35.95;36.73;37.74;41.21;41.54;37.41;32.25;36.81;37.9;39.38;41.97;44.16;41.28;37.81;36.06;34.73;36.11;;;;;;;;;;
214;214;31.96;32.68;34.01;35.89;37.91;39.35;41.33;39.87;36.36;31.58;35.34;35.47;35.87;37.29;39.95;41.43;39.72;37.8;35.86;35.34;;;;;;;;;;
215;215;31.2;31.86;33.22;35.54;39.06;41.44;41.12;38.44;35.37;30.92;34.45;33.97;33.77;34.48;36.33;38.32;39.16;38.33;36.41;34.93;;;;;;;;;;
216;216;30.5;31.09;32.43;34.97;39.93;44.28;40.56;37.2;34.45;30.3;34.39;33.51;32.96;33.27;34.66;36.44;37.96;38.09;36.61;35.16;;;;;;;;;;
217;217;29.85;30.37;31.65;34.25;40.21;48.54;39.77;36.11;33.61;29.71;35.26;34.09;33.27;33.32;34.49;36.13;37.83;38.41;37.19;36.2;;;;;;;;;;
218;218;29.24;29.7;30.91;33.46;39.76;56.22;38.86;35.14;32.84;29.17;37.28;35.83;34.79;34.65;35.74;37.44;39.42;40.34;38.88;38.3;;;;;;;;;;
219;219;28.69;29.08;30.2;32.64;38.76;55.18;37.91;34.28;32.13;28.66;40.95;39.16;37.83;37.45;38.52;40.5;43.63;46;42.79;41.91;;;;;;;;;;
220;220;28.18;28.52;29.55;31.86;37.52;48;36.99;33.5;31.48;28.19;46.62;44.33;42.19;40.88;40.82;41.93;45.54;52.54;50.06;46.7;;;;;;;;;;
221;221;27.73;28.01;28.95;31.12;36.24;43.92;36.11;32.81;30.88;27.77;45.4;44;41.33;39.02;37.54;37.29;38.52;40.12;42.75;44.91;;;;;;;;;;
222;222;27.3;27.53;28.39;30.41;35.03;41.1;35.28;32.17;30.32;27.37;40.77;39.43;37.07;35.03;33.65;33.27;33.98;34.95;36.98;40.8;;;;;;;;;;
223;223;26.91;27.09;27.86;29.73;33.89;38.94;34.49;31.58;29.8;27;38.43;36.84;34.39;32.41;31.13;30.75;31.27;32.05;33.8;38.61;;;;;;;;;;
224;224;26.54;26.67;27.36;29.09;32.85;37.19;33.75;31.03;29.32;26.65;37.84;35.83;33.08;30.99;29.73;29.34;29.75;30.44;32.05;38.1;;;;;;;;;;
225;225;26.19;26.27;26.88;28.48;31.89;35.72;33.04;30.51;28.86;26.32;38.9;36.04;32.78;30.53;29.24;28.83;29.15;29.78;31.31;39.37;;;;;;;;;;
226;226;25.85;25.89;26.42;27.89;30.99;34.41;32.35;30;28.41;26;41.89;37.12;33.26;30.88;29.58;29.16;29.41;29.98;31.44;43.72;;;;;;;;;;
227;227;25.53;25.53;25.99;27.33;30.16;33.27;31.69;29.53;27.99;25.69;43.8;37.82;34.07;31.89;30.73;30.39;30.56;31.04;32.39;53.03;;;;;;;;;;
228;228;25.22;25.18;25.57;26.8;29.39;32.24;31.07;29.08;27.59;25.4;38.32;36.07;34.2;33.12;32.67;32.71;32.83;33.12;34.14;40.06;;;;;;;;;;
229;229;24.93;24.85;25.18;26.3;28.67;31.31;30.47;28.65;27.21;25.12;33.49;33;32.91;33.54;34.86;36.5;36.86;36.53;36.49;33.96;;;;;;;;;;
230;230;24.65;24.54;24.81;25.82;28.01;30.47;29.91;28.24;26.85;24.84;30.23;30.32;30.93;32.44;35.35;40.94;45.38;41.67;38.51;30.31;;;;;;;;;;
231;231;24.38;24.23;24.45;25.37;27.38;29.69;29.37;27.86;26.52;24.58;28.04;28.34;29.15;30.71;33.55;39.06;50.53;44.94;39.07;27.95;;;;;;;;;;
232;232;24.11;23.94;24.1;24.93;26.79;28.97;28.85;27.49;26.2;24.32;26.63;27.02;27.86;29.23;31.51;35.32;40.33;42.09;39.1;26.45;;;;;;;;;;
233;233;23.85;23.66;23.77;24.52;26.24;28.29;28.35;27.13;25.91;24.07;25.87;26.29;27.09;28.25;30.08;33.04;36.92;40.26;40.36;25.68;;;;;;;;;;
234;234;23.6;23.39;23.46;24.13;25.72;27.67;27.87;26.79;25.62;23.83;25.73;26.11;26.83;27.79;29.3;31.82;35.31;39.63;44.42;25.56;;;;;;;;;;
235;235;23.37;23.14;23.17;23.76;25.23;27.08;27.41;26.46;25.35;23.59;26.21;26.49;27.08;27.83;29.05;31.18;34.16;38.11;45.35;26.11;;;;;;;;;;
236;236;23.15;22.9;22.89;23.42;24.77;26.53;26.96;26.14;25.09;23.37;27.38;27.47;27.86;28.34;29.19;30.73;32.7;34.88;37.35;27.44;;;;;;;;;;
237;237;22.94;22.68;22.64;23.1;24.35;26.02;26.53;25.82;24.84;23.17;29.43;29.19;29.25;29.31;29.61;30.2;30.86;31.55;32.29;29.77;;;;;;;;;;
238;238;22.75;22.48;22.41;22.79;23.95;25.53;26.11;25.52;24.6;22.97;32.65;31.89;31.41;30.8;30.18;29.53;29.05;28.92;29.03;33.44;;;;;;;;;;
239;239;22.57;22.28;22.18;22.51;23.57;25.07;25.71;25.22;24.36;22.78;36.81;35.86;34.72;32.89;30.83;28.87;27.6;27.05;26.87;37.38;;;;;;;;;;
240;240;22.39;22.1;21.97;22.24;23.21;24.63;25.31;24.92;24.12;22.6;36.87;39.35;39.92;35.78;31.58;28.43;26.64;25.86;25.5;35.16;;;;;;;;;;
241;241;22.22;21.92;21.76;21.97;22.86;24.2;24.92;24.63;23.89;22.41;33.12;36.8;44.97;39.95;32.52;28.37;26.21;25.28;24.78;31.32;;;;;;;;;;
242;242;22.04;21.74;21.56;21.72;22.52;23.79;24.54;24.33;23.66;22.23;30.37;33.42;40.21;46.87;33.83;28.78;26.32;25.27;24.63;28.84;;;;;;;;;;
243;243;21.86;21.56;21.35;21.46;22.19;23.39;24.16;24.03;23.42;22.04;28.75;31.32;36.42;56.34;35.81;29.76;26.98;25.81;25.01;27.41;;;;;;;;;;
244;244;21.69;21.38;21.16;21.22;21.87;23;23.78;23.72;23.18;21.85;27.93;30.2;34.38;46.39;38.99;31.46;28.27;26.94;25.93;26.71;;;;;;;;;;
245;245;21.51;21.2;20.96;20.98;21.57;22.62;23.42;23.42;22.95;21.66;27.69;29.74;33.29;41.5;44.48;34.1;30.3;28.75;27.44;26.56;;;;;;;;;;
246;246;21.33;21.03;20.77;20.75;21.27;22.26;23.06;23.12;22.71;21.47;27.86;29.68;32.62;37.99;45.08;37.67;33.24;31.39;29.65;26.81;;;;;;;;;;
247;247;21.15;20.86;20.59;20.53;20.99;21.91;22.71;22.83;22.48;21.28;28.28;29.75;31.89;34.87;37.94;38.7;36.66;35.02;32.78;27.37;;;;;;;;;;
248;248;20.97;20.69;20.41;20.32;20.71;21.58;22.37;22.53;22.25;21.09;28.8;29.69;30.83;32.08;33.26;34.72;36.5;37.75;36.78;28.16;;;;;;;;;;
249;249;20.79;20.52;20.23;20.11;20.45;21.26;22.04;22.24;22.02;20.9;29.38;29.44;29.56;29.71;30.02;30.93;32.79;35.08;37.98;29.21;;;;;;;;;;
250;250;20.61;20.35;20.06;19.91;20.2;20.95;21.71;21.96;21.8;20.71;30.1;29.15;28.38;27.83;27.66;28.15;29.53;31.34;34.35;30.67;;;;;;;;;;
251;251;20.42;20.18;19.89;19.72;19.95;20.65;21.4;21.67;21.57;20.51;31.21;29.1;27.52;26.47;25.96;26.13;27.16;28.56;31;32.89;;;;;;;;;;
252;252;20.24;20.01;19.72;19.53;19.72;20.37;21.09;21.38;21.33;20.31;33.11;29.53;27.13;25.61;24.81;24.74;25.49;26.62;28.68;36.72;;;;;;;;;;
253;253;20.05;19.84;19.55;19.35;19.49;20.08;20.78;21.09;21.09;20.11;36.62;30.69;27.3;25.28;24.19;23.88;24.42;25.35;27.16;45.9;;;;;;;;;;
254;254;19.85;19.67;19.38;19.17;19.26;19.81;20.48;20.81;20.84;19.9;44.67;32.91;28.11;25.5;24.08;23.56;23.9;24.67;26.33;45.22;;;;;;;;;;
255;255;19.66;19.5;19.21;18.99;19.05;19.54;20.19;20.52;20.58;19.68;44.55;36.52;29.64;26.29;24.52;23.78;23.95;24.58;26.13;35.73;;;;;;;;;;
256;256;19.45;19.32;19.04;18.81;18.84;19.28;19.9;20.23;20.32;19.47;35.54;38.73;31.74;27.68;25.57;24.62;24.63;25.13;26.57;31.47;;;;;;;;;;
257;257;19.25;19.13;18.86;18.63;18.62;19.02;19.61;19.95;20.06;19.24;31.23;34.64;33.16;29.51;27.31;26.22;26.07;26.43;27.72;28.92;;;;;;;;;;
258;258;19.03;18.94;18.69;18.45;18.42;18.77;19.32;19.66;19.79;19.01;28.62;30.69;31.92;30.94;29.72;28.83;28.57;28.69;29.63;27.33;;;;;;;;;;
259;259;18.81;18.74;18.5;18.27;18.21;18.51;19.04;19.37;19.51;18.77;26.97;28.05;29.41;30.54;31.99;32.91;32.95;32.38;32.04;26.39;;;;;;;;;;
260;260;18.58;18.53;18.31;18.07;17.99;18.26;18.75;19.08;19.23;18.53;25.98;26.36;27.3;28.79;31.89;37.36;42.99;37.67;33.42;25.91;;;;;;;;;;
261;261;18.34;18.31;18.11;17.88;17.78;18.01;18.47;18.78;18.94;18.28;25.48;25.35;25.85;27.06;29.84;34.86;42.46;37.61;32.27;25.81;;;;;;;;;;
262;262;18.1;18.09;17.91;17.68;17.57;17.76;18.19;18.49;18.66;18.03;25.39;24.88;25;25.83;27.92;31.09;34.16;33.48;30.44;26.01;;;;;;;;;;
263;263;17.86;17.87;17.7;17.48;17.35;17.51;17.91;18.2;18.37;17.77;25.66;24.84;24.64;25.13;26.64;28.85;30.99;31.15;29.32;26.49;;;;;;;;;;
264;264;17.61;17.63;17.49;17.27;17.14;17.26;17.63;17.91;18.07;17.52;26.29;25.19;24.69;24.86;25.92;27.64;29.58;30.27;29.15;27.3;;;;;;;;;;
265;265;17.36;17.4;17.27;17.07;16.92;17.02;17.35;17.61;17.78;17.26;27.33;25.92;25.09;24.93;25.61;27.03;29.04;30.37;29.97;28.56;;;;;;;;;;
266;266;17.1;17.15;17.05;16.85;16.7;16.77;17.07;17.32;17.49;16.99;28.96;27.06;25.79;25.26;25.54;26.68;28.74;30.79;31.72;30.53;;;;;;;;;;
267;267;16.84;16.9;16.82;16.63;16.48;16.52;16.79;17.02;17.2;16.73;31.51;28.77;26.82;25.8;25.58;26.32;28.12;30.45;33.45;33.65;;;;;;;;;;
268;268;16.58;16.65;16.58;16.41;16.25;16.27;16.51;16.73;16.9;16.46;35.89;31.44;28.32;26.57;25.71;25.86;27.04;28.89;32.5;37.99;;;;;;;;;;
269;269;16.31;16.39;16.34;16.18;16.02;16.02;16.23;16.43;16.6;16.19;42.79;36.26;30.64;27.74;26.03;25.44;25.84;26.97;29.65;37.07;;;;;;;;;;
270;270;16.04;16.13;16.09;15.95;15.79;15.77;15.94;16.14;16.3;15.91;36.91;51.36;34.74;29.65;26.76;25.29;24.92;25.41;27.18;32.03;;;;;;;;;;
271;271;15.76;15.86;15.84;15.71;15.55;15.51;15.66;15.84;15.99;15.64;31.14;38.09;45.03;33.1;28.21;25.64;24.49;24.44;25.49;28.43;;;;;;;;;;
272;272;15.48;15.59;15.59;15.47;15.32;15.26;15.38;15.54;15.69;15.36;27.65;31.16;39.19;41.05;30.98;26.71;24.65;24.08;24.49;26.03;;;;;;;;;;
273;273;15.21;15.32;15.33;15.23;15.07;15;15.1;15.25;15.39;15.08;25.37;27.38;31.32;41.21;36.96;28.84;25.46;24.27;24.03;24.44;;;;;;;;;;
274;274;14.93;15.04;15.07;14.98;14.83;14.74;14.82;14.95;15.08;14.8;23.85;24.93;27.21;31.77;48.78;32.49;26.92;24.92;23.94;23.46;;;;;;;;;;
275;275;14.65;14.77;14.8;14.73;14.58;14.49;14.54;14.66;14.78;14.52;22.92;23.31;24.59;27.25;33.4;36.08;28.72;25.82;24.06;22.97;;;;;;;;;;
276;276;14.37;14.49;14.53;14.48;14.33;14.23;14.26;14.36;14.47;14.24;22.47;22.3;22.87;24.47;28.02;32.35;29.7;26.57;24.22;22.93;;;;;;;;;;
277;277;14.09;14.22;14.27;14.22;14.08;13.96;13.98;14.07;14.17;13.97;22.46;21.8;21.81;22.68;24.97;28.05;28.72;26.73;24.35;23.28;;;;;;;;;;
278;278;13.81;13.94;14;13.97;13.83;13.7;13.7;13.78;13.86;13.69;22.88;21.77;21.28;21.59;23.08;25.29;26.9;26.34;24.46;24.01;;;;;;;;;;
279;279;13.53;13.66;13.73;13.7;13.57;13.44;13.42;13.49;13.56;13.41;23.75;22.21;21.25;21.07;21.97;23.59;25.39;25.82;24.71;25.13;;;;;;;;;;
280;280;13.25;13.38;13.45;13.44;13.31;13.18;13.15;13.19;13.26;13.14;25.11;23.14;21.68;21.03;21.45;22.65;24.45;25.52;25.25;26.61;;;;;;;;;;
281;281;12.97;13.11;13.18;13.18;13.06;12.91;12.87;12.9;12.96;12.86;27.03;24.64;22.61;21.46;21.42;22.29;24.05;25.6;26.21;28.27;;;;;;;;;;
282;282;12.7;12.83;12.9;12.91;12.79;12.65;12.59;12.62;12.66;12.59;29.41;26.87;24.09;22.36;21.84;22.39;24.09;25.99;27.6;29.44;;;;;;;;;;
283;283;12.42;12.55;12.63;12.64;12.53;12.38;12.31;12.33;12.37;12.31;31.36;30.07;26.28;23.76;22.68;22.9;24.44;26.53;29.2;29.2;;;;;;;;;;
284;284;12.14;12.27;12.35;12.36;12.27;12.12;12.04;12.04;12.07;12.04;30.98;34.18;29.51;25.78;23.96;23.75;24.99;26.97;30.22;27.72;;;;;;;;;;
285;285;11.86;11.99;12.07;12.09;12;11.85;11.76;11.76;11.78;11.77;28.88;35.37;34.59;28.66;25.73;24.96;25.67;27.18;29.96;26.03;;;;;;;;;;
286;286;11.58;11.71;11.79;11.81;11.73;11.58;11.49;11.47;11.49;11.49;26.89;32.06;42.04;33.1;28.21;26.6;26.53;27.31;29.02;24.67;;;;;;;;;;
287;287;11.31;11.43;11.51;11.54;11.46;11.31;11.21;11.19;11.2;11.22;25.51;29.24;37.37;42.14;31.91;28.93;27.79;27.72;28.35;23.8;;;;;;;;;;
288;288;11.04;11.15;11.23;11.26;11.2;11.05;10.94;10.91;10.92;10.95;24.77;27.52;32.55;45.07;38.71;32.67;29.88;28.81;28.42;23.44;;;;;;;;;;
289;289;10.76;10.87;10.96;10.99;10.93;10.78;10.67;10.64;10.63;10.68;24.63;26.69;30.02;35.19;48.03;40.69;33.75;31.12;29.48;23.59;;;;;;;;;;
290;290;10.49;10.6;10.68;10.71;10.66;10.52;10.4;10.36;10.35;10.42;25.06;26.61;28.78;31.31;35.54;43.66;43.44;35.82;31.91;24.21;;;;;;;;;;
291;291;10.23;10.33;10.4;10.44;10.39;10.25;10.13;10.09;10.07;10.15;25.94;27.23;28.49;29.29;30.71;33.06;38.93;41.73;35.99;25.1;;;;;;;;;;
292;292;9.96;10.05;10.13;10.17;10.12;9.99;9.87;9.82;9.79;9.89;26.81;28.42;29.08;28.36;28.06;28.53;30.93;33.68;36.34;25.57;;;;;;;;;;
293;293;9.69;9.78;9.86;9.89;9.85;9.73;9.6;9.55;9.52;9.63;26.61;29.55;30.64;28.35;26.57;25.9;26.91;28.48;31.16;24.74;;;;;;;;;;
294;294;9.43;9.52;9.59;9.62;9.58;9.46;9.34;9.28;9.24;9.37;24.88;28.98;33.09;29.32;25.96;24.33;24.48;25.39;27.32;22.81;;;;;;;;;;
295;295;9.17;9.25;9.32;9.35;9.31;9.2;9.07;9.01;8.97;9.11;22.56;26.51;33.96;31.67;26.15;23.53;23.01;23.45;24.81;20.68;;;;;;;;;;
296;296;8.91;8.99;9.05;9.08;9.05;8.94;8.81;8.75;8.7;8.86;20.43;23.75;30.51;36.45;27.23;23.41;22.23;22.28;23.18;18.82;;;;;;;;;;
297;297;8.66;8.72;8.78;8.82;8.78;8.67;8.55;8.49;8.44;8.6;18.68;21.42;26.61;39.96;29.55;23.95;22.04;21.71;22.19;17.34;;;;;;;;;;
298;298;8.4;8.46;8.52;8.55;8.52;8.41;8.3;8.23;8.18;8.35;17.33;19.57;23.6;32.33;34.27;25.23;22.4;21.64;21.69;16.22;;;;;;;;;;
299;299;8.15;8.21;8.26;8.29;8.26;8.16;8.04;7.97;7.92;8.1;16.33;18.16;21.34;27.33;49.47;27.52;23.31;22.02;21.61;15.41;;;;;;;;;;
300;300;7.9;7.95;8;8.03;8;7.9;7.79;7.72;7.66;7.86;15.63;17.12;19.65;24.09;35.75;31.52;24.85;22.86;21.91;14.9;;;;;;;;;;
301;301;7.65;7.7;7.74;7.77;7.74;7.65;7.54;7.47;7.41;7.61;15.2;16.38;18.41;21.83;29.11;40.43;27.22;24.18;22.56;14.63;;;;;;;;;;
302;302;7.4;7.45;7.49;7.51;7.49;7.4;7.29;7.22;7.16;7.37;15.01;15.92;17.52;20.23;25.51;40.92;30.86;26.06;23.58;14.59;;;;;;;;;;
303;303;7.16;7.2;7.24;7.26;7.24;7.15;7.05;6.98;6.92;7.13;15.04;15.7;16.95;19.11;23.2;31.75;36.92;28.65;24.97;14.77;;;;;;;;;;
304;304;6.92;6.96;6.99;7.01;6.99;6.9;6.8;6.74;6.67;6.9;15.27;15.7;16.64;18.37;21.66;27.66;40.07;31.95;26.69;15.13;;;;;;;;;;
305;305;6.69;6.72;6.75;6.77;6.75;6.67;6.57;6.5;6.44;6.67;15.67;15.89;16.56;17.94;20.65;25.24;33.44;34.4;28.5;15.66;;;;;;;;;;
306;306;6.46;6.49;6.52;6.53;6.51;6.43;6.34;6.27;6.21;6.44;16.21;16.26;16.7;17.79;20.04;23.71;29.46;32.84;29.66;16.32;;;;;;;;;;
307;307;6.23;6.26;6.28;6.29;6.27;6.2;6.11;6.04;5.98;6.22;16.88;16.78;17.03;17.89;19.77;22.77;27.08;29.96;29.4;17.07;;;;;;;;;;
308;308;6.01;6.03;6.05;6.06;6.04;5.97;5.88;5.82;5.76;6;17.62;17.42;17.54;18.2;19.8;22.29;25.64;27.8;28.21;17.86;;;;;;;;;;
309;309;5.79;5.81;5.83;5.83;5.81;5.75;5.66;5.59;5.53;5.78;18.38;18.14;18.19;18.72;20.1;22.2;24.85;26.43;26.97;18.62;;;;;;;;;;
310;310;5.57;5.59;5.61;5.61;5.59;5.52;5.44;5.38;5.32;5.56;19.14;18.94;18.97;19.44;20.66;22.47;24.62;25.73;26.1;19.33;;;;;;;;;;
311;311;5.36;5.37;5.39;5.39;5.37;5.3;5.22;5.16;5.1;5.35;19.9;19.8;19.89;20.33;21.47;23.11;24.88;25.6;25.69;20.01;;;;;;;;;;
312;312;5.15;5.16;5.17;5.17;5.15;5.09;5.01;4.95;4.89;5.14;20.7;20.72;20.92;21.42;22.56;24.14;25.66;26.03;25.73;20.72;;;;;;;;;;
313;313;4.94;4.95;4.96;4.96;4.93;4.87;4.8;4.74;4.68;4.94;21.6;21.75;22.1;22.7;23.94;25.61;27.03;27.01;26.2;21.54;;;;;;;;;;
314;314;4.74;4.75;4.75;4.75;4.72;4.67;4.59;4.54;4.48;4.74;22.65;22.92;23.43;24.2;25.65;27.65;29.16;28.62;27.06;22.54;;;;;;;;;;
315;315;4.54;4.55;4.55;4.54;4.52;4.46;4.39;4.34;4.28;4.54;23.84;24.21;24.9;25.92;27.76;30.52;32.5;30.89;28.15;23.71;;;;;;;;;;
316;316;4.34;4.35;4.35;4.34;4.31;4.26;4.19;4.14;4.09;4.34;25.04;25.48;26.36;27.72;30.21;34.65;38.36;33.51;29.13;24.94;;;;;;;;;;
317;317;4.15;4.15;4.15;4.14;4.11;4.06;4;3.95;3.89;4.15;25.95;26.38;27.4;29.11;32.36;39.13;44.78;34.34;29.34;25.91;;;;;;;;;;
318;318;3.96;3.96;3.96;3.95;3.92;3.87;3.81;3.76;3.71;3.96;26.23;26.55;27.53;29.29;32.42;36.13;35.84;31.95;28.42;26.29;;;;;;;;;;
319;319;3.77;3.77;3.77;3.76;3.73;3.68;3.62;3.57;3.52;3.78;25.91;26.05;26.8;28.23;30.4;31.54;30.77;28.91;26.75;26.08;;;;;;;;;;
320;320;3.59;3.59;3.58;3.57;3.54;3.5;3.44;3.39;3.35;3.6;25.4;25.34;25.81;26.8;28.17;28.38;27.58;26.36;24.92;25.66;;;;;;;;;;
321;321;3.42;3.41;3.4;3.39;3.36;3.32;3.26;3.22;3.17;3.42;25.06;24.8;25;25.6;26.42;26.2;25.34;24.35;23.22;25.41;;;;;;;;;;
322;322;3.24;3.24;3.23;3.21;3.19;3.14;3.09;3.05;3;3.25;25.08;24.63;24.57;24.84;25.24;24.71;23.73;22.78;21.75;25.52;;;;;;;;;;
323;323;3.08;3.07;3.06;3.04;3.02;2.97;2.92;2.88;2.84;3.08;25.55;24.92;24.61;24.57;24.61;23.77;22.61;21.6;20.54;26.09;;;;;;;;;;
324;324;2.91;2.9;2.89;2.88;2.85;2.81;2.76;2.72;2.68;2.92;26.52;25.71;25.15;24.82;24.52;23.34;21.91;20.77;19.6;27.14;;;;;;;;;;
325;325;2.75;2.74;2.73;2.71;2.69;2.65;2.6;2.56;2.53;2.76;28.03;27.07;26.26;25.64;24.97;23.39;21.62;20.29;18.94;28.69;;;;;;;;;;
326;326;2.6;2.58;2.57;2.56;2.53;2.5;2.45;2.41;2.38;2.6;30.08;29.06;28.01;27.11;26.05;23.95;21.74;20.16;18.57;30.68;;;;;;;;;;
327;327;2.44;2.43;2.42;2.41;2.38;2.35;2.3;2.27;2.23;2.45;32.57;31.71;30.5;29.36;27.87;25.08;22.31;20.39;18.52;32.87;;;;;;;;;;
328;328;2.3;2.29;2.27;2.26;2.23;2.2;2.16;2.13;2.09;2.31;35.1;34.96;33.84;32.6;30.64;26.87;23.36;21.03;18.81;34.68;;;;;;;;;;
329;329;2.16;2.14;2.13;2.12;2.09;2.06;2.02;1.99;1.95;2.16;36.7;38.24;37.89;36.86;34.51;29.35;24.94;22.11;19.48;35.1;;;;;;;;;;
330;330;2.02;2.01;1.99;1.98;1.95;1.92;1.89;1.86;1.82;2.03;36.1;39.9;41.62;40.41;37.88;32.07;27.02;23.66;20.59;33.59;;;;;;;;;;
331;331;1.88;1.87;1.86;1.84;1.82;1.79;1.75;1.73;1.7;1.89;33.38;38.09;43.06;40.68;36.72;33.09;29.15;25.62;22.17;30.79;;;;;;;;;;
332;332;1.76;1.74;1.73;1.71;1.69;1.66;1.63;1.6;1.57;1.76;29.92;34;40.08;41.15;34.79;31.79;30.03;27.53;24.2;27.7;;;;;;;;;;
333;333;1.63;1.62;1.6;1.59;1.57;1.54;1.51;1.48;1.45;1.64;26.67;29.84;34.65;42.53;34.51;30.42;29.21;28.31;26.27;24.88;;;;;;;;;;
334;334;1.51;1.49;1.48;1.47;1.44;1.42;1.39;1.36;1.34;1.51;23.91;26.33;29.87;37.56;36.43;30.08;28.07;27.67;27.3;22.49;;;;;;;;;;
335;335;1.39;1.38;1.36;1.35;1.33;1.3;1.27;1.25;1.23;1.4;21.7;23.54;26.13;31.39;40.74;31.16;27.62;26.76;26.81;20.59;;;;;;;;;;
336;336;1.27;1.26;1.25;1.24;1.21;1.19;1.16;1.14;1.12;1.28;20.01;21.38;23.26;26.92;36.25;34.55;28.28;26.46;25.94;19.15;;;;;;;;;;
337;337;1.16;1.15;1.14;1.13;1.11;1.08;1.06;1.04;1.02;1.17;18.81;19.79;21.11;23.69;29.68;40.87;30.69;27.26;25.71;18.17;;;;;;;;;;
338;338;1.06;1.05;1.03;1.02;1;0.98;0.95;0.93;0.92;1.06;18.09;18.72;19.56;21.34;25.37;33.37;37.23;29.87;26.62;17.64;;;;;;;;;;
339;339;0.95;0.94;0.93;0.92;0.9;0.88;0.86;0.84;0.82;0.96;17.83;18.16;18.55;19.67;22.4;27.07;39.11;37.25;29.48;17.58;;;;;;;;;;
340;340;0.85;0.85;0.83;0.82;0.8;0.78;0.76;0.74;0.73;0.86;18.07;18.1;18.05;18.59;20.33;23.17;28.73;38.65;38.08;18;;;;;;;;;;
341;341;0.76;0.75;0.74;0.72;0.71;0.69;0.67;0.66;0.64;0.76;18.82;18.56;18.07;18.04;18.95;20.56;23.69;27.71;36.18;18.94;;;;;;;;;;
342;342;0.67;0.66;0.65;0.64;0.62;0.6;0.59;0.57;0.56;0.67;20.08;19.54;18.6;18;18.16;18.8;20.53;22.74;26.32;20.4;;;;;;;;;;
343;343;0.58;0.58;0.57;0.55;0.54;0.52;0.51;0.49;0.48;0.59;21.68;20.96;19.62;18.48;17.91;17.72;18.45;19.65;21.61;22.21;;;;;;;;;;
344;344;0.51;0.5;0.49;0.48;0.46;0.45;0.44;0.42;0.41;0.51;23.01;22.36;20.97;19.43;18.19;17.23;17.14;17.64;18.68;23.66;;;;;;;;;;
345;345;0.43;0.43;0.42;0.41;0.39;0.38;0.37;0.36;0.35;0.44;23.12;22.71;21.97;20.62;18.97;17.3;16.47;16.41;16.78;23.85;;;;;;;;;;
346;346;0.37;0.36;0.35;0.34;0.33;0.32;0.31;0.3;0.29;0.37;22.27;21.74;21.72;21.39;20.08;17.92;16.4;15.82;15.64;23.25;;;;;;;;;;
347;347;0.31;0.3;0.29;0.28;0.27;0.26;0.25;0.24;0.23;0.31;21.6;20.5;20.44;20.94;21;19.01;16.92;15.85;15.14;23.1;;;;;;;;;;
348;348;0.25;0.25;0.24;0.23;0.22;0.21;0.2;0.2;0.19;0.26;21.89;19.85;19.18;19.63;20.88;20.27;18.03;16.49;15.26;24.41;;;;;;;;;;
349;349;0.2;0.2;0.19;0.18;0.17;0.17;0.16;0.15;0.14;0.21;23.94;20.24;18.56;18.37;19.71;20.85;19.61;17.79;16.01;29.08;;;;;;;;;;
350;350;0.16;0.16;0.15;0.14;0.14;0.13;0.12;0.12;0.11;0.16;29.78;22.3;18.91;17.72;18.39;20.1;21;19.69;17.49;33.62;;;;;;;;;;
351;351;0.12;0.12;0.11;0.11;0.1;0.09;0.09;0.08;0.08;0.13;27.65;27.81;20.75;17.95;17.57;18.72;20.98;21.55;19.74;21.72;;;;;;;;;;
352;352;0.09;0.09;0.08;0.08;0.07;0.07;0.06;0.06;0.05;0.09;18.87;27.59;25.69;19.52;17.56;17.62;19.61;21.72;22.31;15.53;;;;;;;;;;
353;353;0.07;0.06;0.06;0.05;0.05;0.04;0.04;0.04;0.03;0.07;13.61;18.58;30.06;23.69;18.73;17.24;18.19;20.13;22.97;11.38;;;;;;;;;;
354;354;0.04;0.04;0.04;0.03;0.03;0.03;0.02;0.02;0.02;0.05;9.93;13.26;19.44;33.15;22.04;17.89;17.45;18.51;21.03;8.29;;;;;;;;;;
355;355;0.03;0.02;0.02;0.02;0.02;0.01;0.01;0.01;0.01;0.03;7.15;9.59;13.63;20.98;32.61;20.19;17.71;17.69;19.06;5.9;;;;;;;;;;
356;356;0.01;0.01;0.01;0.01;0.01;0;0;0;0;0.01;5;6.85;9.77;14.38;23.98;26.22;19.39;17.94;18.04;4.02;;;;;;;;;;
357;357;0;0;0;0;0;0;0;0;0;0;3.31;4.73;6.94;10.23;15.8;27.85;23.74;19.65;18.18;2.57;;;;;;;;;;
358;358;0;0;0;0;0;0;0;0;0;0;2.02;3.1;4.78;7.25;11.14;17.72;28.77;23.79;19.74;1.47;;;;;;;;;;
359;359;0;0;0;0;0;0.01;0.01;0.01;0.01;0;1.07;1.85;3.12;5;7.9;12.35;19.2;25.75;23.12;0.69;;;;;;;;;;
